"Contribuinte PF IPTU 10";"000.000.010-00";"10";"{{CDANr1}}";"{{CDAVc1}}";"{{CDAVr1}}";"{{CDAAtVr1}}";"{{CDAMtVr1}}";"{{CDAJrVr1}}";"{{CDATtVr1}}"
"Contribuinte PF IPTU 10";"000.000.010-00";"10";"{{CDANr1}}";"{{CDAVc1}}";"{{CDAVr1}}";"{{CDAAtVr1}}";"{{CDAMtVr1}}";"{{CDAJrVr1}}";"{{CDATtVr1}}"
"Contribuinte PF IPTU 20";"000.000.020-00";"20";"{{CDANr1}}";"{{CDAVc1}}";"{{CDAVr1}}";"{{CDAAtVr1}}";"{{CDAMtVr1}}";"{{CDAJrVr1}}";"{{CDATtVr1}}"
"Contribuinte PF IPTU 20";"000.000.020-00";"20";"{{CDANr1}}";"{{CDAVc1}}";"{{CDAVr1}}";"{{CDAAtVr1}}";"{{CDAMtVr1}}";"{{CDAJrVr1}}";"{{CDATtVr1}}"
"Contribuinte PF IPTU 30";"000.000.030-00";"30";"{{CDANr1}}";"{{CDAVc1}}";"{{CDAVr1}}";"{{CDAAtVr1}}";"{{CDAMtVr1}}";"{{CDAJrVr1}}";"{{CDATtVr1}}"
"Contribuinte PF IPTU 30";"000.000.030-00";"30";"{{CDANr1}}";"{{CDAVc1}}";"{{CDAVr1}}";"{{CDAAtVr1}}";"{{CDAMtVr1}}";"{{CDAJrVr1}}";"{{CDATtVr1}}"
"Contribuinte PF IPTU 40";"000.000.040-00";"40";"{{CDANr1}}";"{{CDAVc1}}";"{{CDAVr1}}";"{{CDAAtVr1}}";"{{CDAMtVr1}}";"{{CDAJrVr1}}";"{{CDATtVr1}}"
"Contribuinte PF IPTU 40";"000.000.040-00";"40";"{{CDANr1}}";"{{CDAVc1}}";"{{CDAVr1}}";"{{CDAAtVr1}}";"{{CDAMtVr1}}";"{{CDAJrVr1}}";"{{CDATtVr1}}"
"Contribuinte PF IPTU 50";"000.000.050-00";"50";"{{CDANr1}}";"{{CDAVc1}}";"{{CDAVr1}}";"{{CDAAtVr1}}";"{{CDAMtVr1}}";"{{CDAJrVr1}}";"{{CDATtVr1}}"
"Contribuinte PF IPTU 50";"000.000.050-00";"50";"{{CDANr1}}";"{{CDAVc1}}";"{{CDAVr1}}";"{{CDAAtVr1}}";"{{CDAMtVr1}}";"{{CDAJrVr1}}";"{{CDATtVr1}}"
"Contribuinte PF IPTU 60";"000.000.060-00";"60";"{{CDANr1}}";"{{CDAVc1}}";"{{CDAVr1}}";"{{CDAAtVr1}}";"{{CDAMtVr1}}";"{{CDAJrVr1}}";"{{CDATtVr1}}"
"Contribuinte PF IPTU 60";"000.000.060-00";"60";"{{CDANr1}}";"{{CDAVc1}}";"{{CDAVr1}}";"{{CDAAtVr1}}";"{{CDAMtVr1}}";"{{CDAJrVr1}}";"{{CDATtVr1}}"
"Contribuinte PF IPTU 70";"000.000.070-00";"70";"{{CDANr1}}";"{{CDAVc1}}";"{{CDAVr1}}";"{{CDAAtVr1}}";"{{CDAMtVr1}}";"{{CDAJrVr1}}";"{{CDATtVr1}}"
"Contribuinte PF IPTU 70";"000.000.070-00";"70";"{{CDANr1}}";"{{CDAVc1}}";"{{CDAVr1}}";"{{CDAAtVr1}}";"{{CDAMtVr1}}";"{{CDAJrVr1}}";"{{CDATtVr1}}"
"Contribuinte PF IPTU 80";"000.000.080-00";"80";"{{CDANr1}}";"{{CDAVc1}}";"{{CDAVr1}}";"{{CDAAtVr1}}";"{{CDAMtVr1}}";"{{CDAJrVr1}}";"{{CDATtVr1}}"
"Contribuinte PF IPTU 80";"000.000.080-00";"80";"{{CDANr1}}";"{{CDAVc1}}";"{{CDAVr1}}";"{{CDAAtVr1}}";"{{CDAMtVr1}}";"{{CDAJrVr1}}";"{{CDATtVr1}}"
"Contribuinte PF IPTU 90";"000.000.090-00";"90";"{{CDANr1}}";"{{CDAVc1}}";"{{CDAVr1}}";"{{CDAAtVr1}}";"{{CDAMtVr1}}";"{{CDAJrVr1}}";"{{CDATtVr1}}"
"Contribuinte PF IPTU 90";"000.000.090-00";"90";"{{CDANr1}}";"{{CDAVc1}}";"{{CDAVr1}}";"{{CDAAtVr1}}";"{{CDAMtVr1}}";"{{CDAJrVr1}}";"{{CDATtVr1}}"
"Contribuinte PF IPTU 100";"000.000.100-00";"100";"{{CDANr1}}";"{{CDAVc1}}";"{{CDAVr1}}";"{{CDAAtVr1}}";"{{CDAMtVr1}}";"{{CDAJrVr1}}";"{{CDATtVr1}}"
"Contribuinte PF IPTU 100";"000.000.100-00";"100";"{{CDANr1}}";"{{CDAVc1}}";"{{CDAVr1}}";"{{CDAAtVr1}}";"{{CDAMtVr1}}";"{{CDAJrVr1}}";"{{CDATtVr1}}"
"Contribuinte PF IPTU 110";"000.000.110-00";"110";"{{CDANr1}}";"{{CDAVc1}}";"{{CDAVr1}}";"{{CDAAtVr1}}";"{{CDAMtVr1}}";"{{CDAJrVr1}}";"{{CDATtVr1}}"
"Contribuinte PF IPTU 110";"000.000.110-00";"110";"{{CDANr1}}";"{{CDAVc1}}";"{{CDAVr1}}";"{{CDAAtVr1}}";"{{CDAMtVr1}}";"{{CDAJrVr1}}";"{{CDATtVr1}}"
"Contribuinte PF IPTU 120";"000.000.120-00";"120";"{{CDANr1}}";"{{CDAVc1}}";"{{CDAVr1}}";"{{CDAAtVr1}}";"{{CDAMtVr1}}";"{{CDAJrVr1}}";"{{CDATtVr1}}"
"Contribuinte PF IPTU 120";"000.000.120-00";"120";"{{CDANr1}}";"{{CDAVc1}}";"{{CDAVr1}}";"{{CDAAtVr1}}";"{{CDAMtVr1}}";"{{CDAJrVr1}}";"{{CDATtVr1}}"
"Contribuinte PF IPTU 130";"000.000.130-00";"130";"{{CDANr1}}";"{{CDAVc1}}";"{{CDAVr1}}";"{{CDAAtVr1}}";"{{CDAMtVr1}}";"{{CDAJrVr1}}";"{{CDATtVr1}}"
"Contribuinte PF IPTU 130";"000.000.130-00";"130";"{{CDANr1}}";"{{CDAVc1}}";"{{CDAVr1}}";"{{CDAAtVr1}}";"{{CDAMtVr1}}";"{{CDAJrVr1}}";"{{CDATtVr1}}"
"Contribuinte PF IPTU 140";"000.000.140-00";"140";"{{CDANr1}}";"{{CDAVc1}}";"{{CDAVr1}}";"{{CDAAtVr1}}";"{{CDAMtVr1}}";"{{CDAJrVr1}}";"{{CDATtVr1}}"
"Contribuinte PF IPTU 140";"000.000.140-00";"140";"{{CDANr1}}";"{{CDAVc1}}";"{{CDAVr1}}";"{{CDAAtVr1}}";"{{CDAMtVr1}}";"{{CDAJrVr1}}";"{{CDATtVr1}}"
"Contribuinte PF IPTU 150";"000.000.150-00";"150";"{{CDANr1}}";"{{CDAVc1}}";"{{CDAVr1}}";"{{CDAAtVr1}}";"{{CDAMtVr1}}";"{{CDAJrVr1}}";"{{CDATtVr1}}"
"Contribuinte PF IPTU 150";"000.000.150-00";"150";"{{CDANr1}}";"{{CDAVc1}}";"{{CDAVr1}}";"{{CDAAtVr1}}";"{{CDAMtVr1}}";"{{CDAJrVr1}}";"{{CDATtVr1}}"
"Contribuinte PF IPTU 160";"000.000.160-00";"160";"{{CDANr1}}";"{{CDAVc1}}";"{{CDAVr1}}";"{{CDAAtVr1}}";"{{CDAMtVr1}}";"{{CDAJrVr1}}";"{{CDATtVr1}}"
"Contribuinte PF IPTU 160";"000.000.160-00";"160";"{{CDANr1}}";"{{CDAVc1}}";"{{CDAVr1}}";"{{CDAAtVr1}}";"{{CDAMtVr1}}";"{{CDAJrVr1}}";"{{CDATtVr1}}"
"Contribuinte PF IPTU 170";"000.000.170-00";"170";"{{CDANr1}}";"{{CDAVc1}}";"{{CDAVr1}}";"{{CDAAtVr1}}";"{{CDAMtVr1}}";"{{CDAJrVr1}}";"{{CDATtVr1}}"
"Contribuinte PF IPTU 170";"000.000.170-00";"170";"{{CDANr1}}";"{{CDAVc1}}";"{{CDAVr1}}";"{{CDAAtVr1}}";"{{CDAMtVr1}}";"{{CDAJrVr1}}";"{{CDATtVr1}}"
"Contribuinte PF IPTU 180";"000.000.180-00";"180";"{{CDANr1}}";"{{CDAVc1}}";"{{CDAVr1}}";"{{CDAAtVr1}}";"{{CDAMtVr1}}";"{{CDAJrVr1}}";"{{CDATtVr1}}"
"Contribuinte PF IPTU 180";"000.000.180-00";"180";"{{CDANr1}}";"{{CDAVc1}}";"{{CDAVr1}}";"{{CDAAtVr1}}";"{{CDAMtVr1}}";"{{CDAJrVr1}}";"{{CDATtVr1}}"
"Contribuinte PF IPTU 190";"000.000.190-00";"190";"{{CDANr1}}";"{{CDAVc1}}";"{{CDAVr1}}";"{{CDAAtVr1}}";"{{CDAMtVr1}}";"{{CDAJrVr1}}";"{{CDATtVr1}}"
"Contribuinte PF IPTU 190";"000.000.190-00";"190";"{{CDANr1}}";"{{CDAVc1}}";"{{CDAVr1}}";"{{CDAAtVr1}}";"{{CDAMtVr1}}";"{{CDAJrVr1}}";"{{CDATtVr1}}"
"Contribuinte PF IPTU 200";"000.000.200-00";"200";"{{CDANr1}}";"{{CDAVc1}}";"{{CDAVr1}}";"{{CDAAtVr1}}";"{{CDAMtVr1}}";"{{CDAJrVr1}}";"{{CDATtVr1}}"
"Contribuinte PF IPTU 200";"000.000.200-00";"200";"{{CDANr1}}";"{{CDAVc1}}";"{{CDAVr1}}";"{{CDAAtVr1}}";"{{CDAMtVr1}}";"{{CDAJrVr1}}";"{{CDATtVr1}}"
"Contribuinte PF IPTU 210";"000.000.210-00";"210";"{{CDANr1}}";"{{CDAVc1}}";"{{CDAVr1}}";"{{CDAAtVr1}}";"{{CDAMtVr1}}";"{{CDAJrVr1}}";"{{CDATtVr1}}"
"Contribuinte PF IPTU 210";"000.000.210-00";"210";"{{CDANr1}}";"{{CDAVc1}}";"{{CDAVr1}}";"{{CDAAtVr1}}";"{{CDAMtVr1}}";"{{CDAJrVr1}}";"{{CDATtVr1}}"
"Contribuinte PF IPTU 220";"000.000.220-00";"220";"{{CDANr1}}";"{{CDAVc1}}";"{{CDAVr1}}";"{{CDAAtVr1}}";"{{CDAMtVr1}}";"{{CDAJrVr1}}";"{{CDATtVr1}}"
"Contribuinte PF IPTU 220";"000.000.220-00";"220";"{{CDANr1}}";"{{CDAVc1}}";"{{CDAVr1}}";"{{CDAAtVr1}}";"{{CDAMtVr1}}";"{{CDAJrVr1}}";"{{CDATtVr1}}"
"Contribuinte PF IPTU 230";"000.000.230-00";"230";"{{CDANr1}}";"{{CDAVc1}}";"{{CDAVr1}}";"{{CDAAtVr1}}";"{{CDAMtVr1}}";"{{CDAJrVr1}}";"{{CDATtVr1}}"
"Contribuinte PF IPTU 230";"000.000.230-00";"230";"{{CDANr1}}";"{{CDAVc1}}";"{{CDAVr1}}";"{{CDAAtVr1}}";"{{CDAMtVr1}}";"{{CDAJrVr1}}";"{{CDATtVr1}}"
"Contribuinte PF IPTU 240";"000.000.240-00";"240";"{{CDANr1}}";"{{CDAVc1}}";"{{CDAVr1}}";"{{CDAAtVr1}}";"{{CDAMtVr1}}";"{{CDAJrVr1}}";"{{CDATtVr1}}"
"Contribuinte PF IPTU 240";"000.000.240-00";"240";"{{CDANr1}}";"{{CDAVc1}}";"{{CDAVr1}}";"{{CDAAtVr1}}";"{{CDAMtVr1}}";"{{CDAJrVr1}}";"{{CDATtVr1}}"
"Contribuinte PF IPTU 250";"000.000.250-00";"250";"{{CDANr1}}";"{{CDAVc1}}";"{{CDAVr1}}";"{{CDAAtVr1}}";"{{CDAMtVr1}}";"{{CDAJrVr1}}";"{{CDATtVr1}}"
"Contribuinte PF IPTU 250";"000.000.250-00";"250";"{{CDANr1}}";"{{CDAVc1}}";"{{CDAVr1}}";"{{CDAAtVr1}}";"{{CDAMtVr1}}";"{{CDAJrVr1}}";"{{CDATtVr1}}"
"Contribuinte PF IPTU 260";"000.000.260-00";"260";"{{CDANr1}}";"{{CDAVc1}}";"{{CDAVr1}}";"{{CDAAtVr1}}";"{{CDAMtVr1}}";"{{CDAJrVr1}}";"{{CDATtVr1}}"
"Contribuinte PF IPTU 260";"000.000.260-00";"260";"{{CDANr1}}";"{{CDAVc1}}";"{{CDAVr1}}";"{{CDAAtVr1}}";"{{CDAMtVr1}}";"{{CDAJrVr1}}";"{{CDATtVr1}}"
"Contribuinte PF IPTU 270";"000.000.270-00";"270";"{{CDANr1}}";"{{CDAVc1}}";"{{CDAVr1}}";"{{CDAAtVr1}}";"{{CDAMtVr1}}";"{{CDAJrVr1}}";"{{CDATtVr1}}"
"Contribuinte PF IPTU 270";"000.000.270-00";"270";"{{CDANr1}}";"{{CDAVc1}}";"{{CDAVr1}}";"{{CDAAtVr1}}";"{{CDAMtVr1}}";"{{CDAJrVr1}}";"{{CDATtVr1}}"
"Contribuinte PF IPTU 280";"000.000.280-00";"280";"{{CDANr1}}";"{{CDAVc1}}";"{{CDAVr1}}";"{{CDAAtVr1}}";"{{CDAMtVr1}}";"{{CDAJrVr1}}";"{{CDATtVr1}}"
"Contribuinte PF IPTU 280";"000.000.280-00";"280";"{{CDANr1}}";"{{CDAVc1}}";"{{CDAVr1}}";"{{CDAAtVr1}}";"{{CDAMtVr1}}";"{{CDAJrVr1}}";"{{CDATtVr1}}"
"Contribuinte PF IPTU 290";"000.000.290-00";"290";"{{CDANr1}}";"{{CDAVc1}}";"{{CDAVr1}}";"{{CDAAtVr1}}";"{{CDAMtVr1}}";"{{CDAJrVr1}}";"{{CDATtVr1}}"
"Contribuinte PF IPTU 290";"000.000.290-00";"290";"{{CDANr1}}";"{{CDAVc1}}";"{{CDAVr1}}";"{{CDAAtVr1}}";"{{CDAMtVr1}}";"{{CDAJrVr1}}";"{{CDATtVr1}}"
"Contribuinte PF IPTU 300";"000.000.300-00";"300";"{{CDANr1}}";"{{CDAVc1}}";"{{CDAVr1}}";"{{CDAAtVr1}}";"{{CDAMtVr1}}";"{{CDAJrVr1}}";"{{CDATtVr1}}"
"Contribuinte PF IPTU 300";"000.000.300-00";"300";"{{CDANr1}}";"{{CDAVc1}}";"{{CDAVr1}}";"{{CDAAtVr1}}";"{{CDAMtVr1}}";"{{CDAJrVr1}}";"{{CDATtVr1}}"
"Contribuinte PF IPTU 310";"000.000.310-00";"310";"{{CDANr1}}";"{{CDAVc1}}";"{{CDAVr1}}";"{{CDAAtVr1}}";"{{CDAMtVr1}}";"{{CDAJrVr1}}";"{{CDATtVr1}}"
"Contribuinte PF IPTU 310";"000.000.310-00";"310";"{{CDANr1}}";"{{CDAVc1}}";"{{CDAVr1}}";"{{CDAAtVr1}}";"{{CDAMtVr1}}";"{{CDAJrVr1}}";"{{CDATtVr1}}"
"Contribuinte PF IPTU 320";"000.000.320-00";"320";"{{CDANr1}}";"{{CDAVc1}}";"{{CDAVr1}}";"{{CDAAtVr1}}";"{{CDAMtVr1}}";"{{CDAJrVr1}}";"{{CDATtVr1}}"
"Contribuinte PF IPTU 320";"000.000.320-00";"320";"{{CDANr1}}";"{{CDAVc1}}";"{{CDAVr1}}";"{{CDAAtVr1}}";"{{CDAMtVr1}}";"{{CDAJrVr1}}";"{{CDATtVr1}}"
"Contribuinte PF IPTU 330";"000.000.330-00";"330";"{{CDANr1}}";"{{CDAVc1}}";"{{CDAVr1}}";"{{CDAAtVr1}}";"{{CDAMtVr1}}";"{{CDAJrVr1}}";"{{CDATtVr1}}"
"Contribuinte PF IPTU 330";"000.000.330-00";"330";"{{CDANr1}}";"{{CDAVc1}}";"{{CDAVr1}}";"{{CDAAtVr1}}";"{{CDAMtVr1}}";"{{CDAJrVr1}}";"{{CDATtVr1}}"
"Contribuinte PF IPTU 340";"000.000.340-00";"340";"{{CDANr1}}";"{{CDAVc1}}";"{{CDAVr1}}";"{{CDAAtVr1}}";"{{CDAMtVr1}}";"{{CDAJrVr1}}";"{{CDATtVr1}}"
"Contribuinte PF IPTU 340";"000.000.340-00";"340";"{{CDANr1}}";"{{CDAVc1}}";"{{CDAVr1}}";"{{CDAAtVr1}}";"{{CDAMtVr1}}";"{{CDAJrVr1}}";"{{CDATtVr1}}"
"Contribuinte PF IPTU 350";"000.000.350-00";"350";"{{CDANr1}}";"{{CDAVc1}}";"{{CDAVr1}}";"{{CDAAtVr1}}";"{{CDAMtVr1}}";"{{CDAJrVr1}}";"{{CDATtVr1}}"
"Contribuinte PF IPTU 350";"000.000.350-00";"350";"{{CDANr1}}";"{{CDAVc1}}";"{{CDAVr1}}";"{{CDAAtVr1}}";"{{CDAMtVr1}}";"{{CDAJrVr1}}";"{{CDATtVr1}}"
"Contribuinte PF IPTU 360";"000.000.360-00";"360";"{{CDANr1}}";"{{CDAVc1}}";"{{CDAVr1}}";"{{CDAAtVr1}}";"{{CDAMtVr1}}";"{{CDAJrVr1}}";"{{CDATtVr1}}"
"Contribuinte PF IPTU 360";"000.000.360-00";"360";"{{CDANr1}}";"{{CDAVc1}}";"{{CDAVr1}}";"{{CDAAtVr1}}";"{{CDAMtVr1}}";"{{CDAJrVr1}}";"{{CDATtVr1}}"
"Contribuinte PF IPTU 370";"000.000.370-00";"370";"{{CDANr1}}";"{{CDAVc1}}";"{{CDAVr1}}";"{{CDAAtVr1}}";"{{CDAMtVr1}}";"{{CDAJrVr1}}";"{{CDATtVr1}}"
"Contribuinte PF IPTU 370";"000.000.370-00";"370";"{{CDANr1}}";"{{CDAVc1}}";"{{CDAVr1}}";"{{CDAAtVr1}}";"{{CDAMtVr1}}";"{{CDAJrVr1}}";"{{CDATtVr1}}"
"Contribuinte PF IPTU 380";"000.000.380-00";"380";"{{CDANr1}}";"{{CDAVc1}}";"{{CDAVr1}}";"{{CDAAtVr1}}";"{{CDAMtVr1}}";"{{CDAJrVr1}}";"{{CDATtVr1}}"
"Contribuinte PF IPTU 380";"000.000.380-00";"380";"{{CDANr1}}";"{{CDAVc1}}";"{{CDAVr1}}";"{{CDAAtVr1}}";"{{CDAMtVr1}}";"{{CDAJrVr1}}";"{{CDATtVr1}}"
"Contribuinte PF IPTU 390";"000.000.390-00";"390";"{{CDANr1}}";"{{CDAVc1}}";"{{CDAVr1}}";"{{CDAAtVr1}}";"{{CDAMtVr1}}";"{{CDAJrVr1}}";"{{CDATtVr1}}"
"Contribuinte PF IPTU 390";"000.000.390-00";"390";"{{CDANr1}}";"{{CDAVc1}}";"{{CDAVr1}}";"{{CDAAtVr1}}";"{{CDAMtVr1}}";"{{CDAJrVr1}}";"{{CDATtVr1}}"
"Contribuinte PF IPTU 400";"000.000.400-00";"400";"{{CDANr1}}";"{{CDAVc1}}";"{{CDAVr1}}";"{{CDAAtVr1}}";"{{CDAMtVr1}}";"{{CDAJrVr1}}";"{{CDATtVr1}}"
"Contribuinte PF IPTU 400";"000.000.400-00";"400";"{{CDANr1}}";"{{CDAVc1}}";"{{CDAVr1}}";"{{CDAAtVr1}}";"{{CDAMtVr1}}";"{{CDAJrVr1}}";"{{CDATtVr1}}"
"Contribuinte PF IPTU 410";"000.000.410-00";"410";"{{CDANr1}}";"{{CDAVc1}}";"{{CDAVr1}}";"{{CDAAtVr1}}";"{{CDAMtVr1}}";"{{CDAJrVr1}}";"{{CDATtVr1}}"
"Contribuinte PF IPTU 410";"000.000.410-00";"410";"{{CDANr1}}";"{{CDAVc1}}";"{{CDAVr1}}";"{{CDAAtVr1}}";"{{CDAMtVr1}}";"{{CDAJrVr1}}";"{{CDATtVr1}}"
"Contribuinte PF IPTU 420";"000.000.420-00";"420";"{{CDANr1}}";"{{CDAVc1}}";"{{CDAVr1}}";"{{CDAAtVr1}}";"{{CDAMtVr1}}";"{{CDAJrVr1}}";"{{CDATtVr1}}"
"Contribuinte PF IPTU 420";"000.000.420-00";"420";"{{CDANr1}}";"{{CDAVc1}}";"{{CDAVr1}}";"{{CDAAtVr1}}";"{{CDAMtVr1}}";"{{CDAJrVr1}}";"{{CDATtVr1}}"
"Contribuinte PF IPTU 430";"000.000.430-00";"430";"{{CDANr1}}";"{{CDAVc1}}";"{{CDAVr1}}";"{{CDAAtVr1}}";"{{CDAMtVr1}}";"{{CDAJrVr1}}";"{{CDATtVr1}}"
"Contribuinte PF IPTU 430";"000.000.430-00";"430";"{{CDANr1}}";"{{CDAVc1}}";"{{CDAVr1}}";"{{CDAAtVr1}}";"{{CDAMtVr1}}";"{{CDAJrVr1}}";"{{CDATtVr1}}"
"Contribuinte PF IPTU 440";"000.000.440-00";"440";"{{CDANr1}}";"{{CDAVc1}}";"{{CDAVr1}}";"{{CDAAtVr1}}";"{{CDAMtVr1}}";"{{CDAJrVr1}}";"{{CDATtVr1}}"
"Contribuinte PF IPTU 440";"000.000.440-00";"440";"{{CDANr1}}";"{{CDAVc1}}";"{{CDAVr1}}";"{{CDAAtVr1}}";"{{CDAMtVr1}}";"{{CDAJrVr1}}";"{{CDATtVr1}}"
"Contribuinte PF IPTU 450";"000.000.450-00";"450";"{{CDANr1}}";"{{CDAVc1}}";"{{CDAVr1}}";"{{CDAAtVr1}}";"{{CDAMtVr1}}";"{{CDAJrVr1}}";"{{CDATtVr1}}"
"Contribuinte PF IPTU 450";"000.000.450-00";"450";"{{CDANr1}}";"{{CDAVc1}}";"{{CDAVr1}}";"{{CDAAtVr1}}";"{{CDAMtVr1}}";"{{CDAJrVr1}}";"{{CDATtVr1}}"
"Contribuinte PF IPTU 460";"000.000.460-00";"460";"{{CDANr1}}";"{{CDAVc1}}";"{{CDAVr1}}";"{{CDAAtVr1}}";"{{CDAMtVr1}}";"{{CDAJrVr1}}";"{{CDATtVr1}}"
"Contribuinte PF IPTU 460";"000.000.460-00";"460";"{{CDANr1}}";"{{CDAVc1}}";"{{CDAVr1}}";"{{CDAAtVr1}}";"{{CDAMtVr1}}";"{{CDAJrVr1}}";"{{CDATtVr1}}"
"Contribuinte PF IPTU 470";"000.000.470-00";"470";"{{CDANr1}}";"{{CDAVc1}}";"{{CDAVr1}}";"{{CDAAtVr1}}";"{{CDAMtVr1}}";"{{CDAJrVr1}}";"{{CDATtVr1}}"
"Contribuinte PF IPTU 470";"000.000.470-00";"470";"{{CDANr1}}";"{{CDAVc1}}";"{{CDAVr1}}";"{{CDAAtVr1}}";"{{CDAMtVr1}}";"{{CDAJrVr1}}";"{{CDATtVr1}}"
"Contribuinte PF IPTU 480";"000.000.480-00";"480";"{{CDANr1}}";"{{CDAVc1}}";"{{CDAVr1}}";"{{CDAAtVr1}}";"{{CDAMtVr1}}";"{{CDAJrVr1}}";"{{CDATtVr1}}"
"Contribuinte PF IPTU 480";"000.000.480-00";"480";"{{CDANr1}}";"{{CDAVc1}}";"{{CDAVr1}}";"{{CDAAtVr1}}";"{{CDAMtVr1}}";"{{CDAJrVr1}}";"{{CDATtVr1}}"
"Contribuinte PF IPTU 490";"000.000.490-00";"490";"{{CDANr1}}";"{{CDAVc1}}";"{{CDAVr1}}";"{{CDAAtVr1}}";"{{CDAMtVr1}}";"{{CDAJrVr1}}";"{{CDATtVr1}}"
"Contribuinte PF IPTU 490";"000.000.490-00";"490";"{{CDANr1}}";"{{CDAVc1}}";"{{CDAVr1}}";"{{CDAAtVr1}}";"{{CDAMtVr1}}";"{{CDAJrVr1}}";"{{CDATtVr1}}"
"Contribuinte PF IPTU 500";"000.000.500-00";"500";"{{CDANr1}}";"{{CDAVc1}}";"{{CDAVr1}}";"{{CDAAtVr1}}";"{{CDAMtVr1}}";"{{CDAJrVr1}}";"{{CDATtVr1}}"
"Contribuinte PF IPTU 500";"000.000.500-00";"500";"{{CDANr1}}";"{{CDAVc1}}";"{{CDAVr1}}";"{{CDAAtVr1}}";"{{CDAMtVr1}}";"{{CDAJrVr1}}";"{{CDATtVr1}}"
"Contribuinte PF IPTU ITBI 510";"000.000.510-00";"510";"{{CDANr1}}";"{{CDAVc1}}";"{{CDAVr1}}";"{{CDAAtVr1}}";"{{CDAMtVr1}}";"{{CDAJrVr1}}";"{{CDATtVr1}}"
"Contribuinte PF IPTU ITBI 510";"000.000.510-00";"510";"{{CDANr1}}";"{{CDAVc1}}";"{{CDAVr1}}";"{{CDAAtVr1}}";"{{CDAMtVr1}}";"{{CDAJrVr1}}";"{{CDATtVr1}}"
"Contribuinte PF IPTU ITBI 520";"000.000.520-00";"520";"{{CDANr1}}";"{{CDAVc1}}";"{{CDAVr1}}";"{{CDAAtVr1}}";"{{CDAMtVr1}}";"{{CDAJrVr1}}";"{{CDATtVr1}}"
"Contribuinte PF IPTU ITBI 520";"000.000.520-00";"520";"{{CDANr1}}";"{{CDAVc1}}";"{{CDAVr1}}";"{{CDAAtVr1}}";"{{CDAMtVr1}}";"{{CDAJrVr1}}";"{{CDATtVr1}}"
"Contribuinte PF IPTU ITBI 530";"000.000.530-00";"530";"{{CDANr1}}";"{{CDAVc1}}";"{{CDAVr1}}";"{{CDAAtVr1}}";"{{CDAMtVr1}}";"{{CDAJrVr1}}";"{{CDATtVr1}}"
"Contribuinte PF IPTU ITBI 530";"000.000.530-00";"530";"{{CDANr1}}";"{{CDAVc1}}";"{{CDAVr1}}";"{{CDAAtVr1}}";"{{CDAMtVr1}}";"{{CDAJrVr1}}";"{{CDATtVr1}}"
"Contribuinte PF IPTU ITBI 540";"000.000.540-00";"540";"{{CDANr1}}";"{{CDAVc1}}";"{{CDAVr1}}";"{{CDAAtVr1}}";"{{CDAMtVr1}}";"{{CDAJrVr1}}";"{{CDATtVr1}}"
"Contribuinte PF IPTU ITBI 540";"000.000.540-00";"540";"{{CDANr1}}";"{{CDAVc1}}";"{{CDAVr1}}";"{{CDAAtVr1}}";"{{CDAMtVr1}}";"{{CDAJrVr1}}";"{{CDATtVr1}}"
"Contribuinte PF IPTU ITBI 550";"000.000.550-00";"550";"{{CDANr1}}";"{{CDAVc1}}";"{{CDAVr1}}";"{{CDAAtVr1}}";"{{CDAMtVr1}}";"{{CDAJrVr1}}";"{{CDATtVr1}}"
"Contribuinte PF IPTU ITBI 550";"000.000.550-00";"550";"{{CDANr1}}";"{{CDAVc1}}";"{{CDAVr1}}";"{{CDAAtVr1}}";"{{CDAMtVr1}}";"{{CDAJrVr1}}";"{{CDATtVr1}}"
"Contribuinte PF IPTU ITBI 560";"000.000.560-00";"560";"{{CDANr1}}";"{{CDAVc1}}";"{{CDAVr1}}";"{{CDAAtVr1}}";"{{CDAMtVr1}}";"{{CDAJrVr1}}";"{{CDATtVr1}}"
"Contribuinte PF IPTU ITBI 560";"000.000.560-00";"560";"{{CDANr1}}";"{{CDAVc1}}";"{{CDAVr1}}";"{{CDAAtVr1}}";"{{CDAMtVr1}}";"{{CDAJrVr1}}";"{{CDATtVr1}}"
"Contribuinte PF IPTU ITBI 570";"000.000.570-00";"570";"{{CDANr1}}";"{{CDAVc1}}";"{{CDAVr1}}";"{{CDAAtVr1}}";"{{CDAMtVr1}}";"{{CDAJrVr1}}";"{{CDATtVr1}}"
"Contribuinte PF IPTU ITBI 570";"000.000.570-00";"570";"{{CDANr1}}";"{{CDAVc1}}";"{{CDAVr1}}";"{{CDAAtVr1}}";"{{CDAMtVr1}}";"{{CDAJrVr1}}";"{{CDATtVr1}}"
"Contribuinte PF IPTU ITBI 580";"000.000.580-00";"580";"{{CDANr1}}";"{{CDAVc1}}";"{{CDAVr1}}";"{{CDAAtVr1}}";"{{CDAMtVr1}}";"{{CDAJrVr1}}";"{{CDATtVr1}}"
"Contribuinte PF IPTU ITBI 580";"000.000.580-00";"580";"{{CDANr1}}";"{{CDAVc1}}";"{{CDAVr1}}";"{{CDAAtVr1}}";"{{CDAMtVr1}}";"{{CDAJrVr1}}";"{{CDATtVr1}}"
"Contribuinte PF IPTU ITBI 590";"000.000.590-00";"590";"{{CDANr1}}";"{{CDAVc1}}";"{{CDAVr1}}";"{{CDAAtVr1}}";"{{CDAMtVr1}}";"{{CDAJrVr1}}";"{{CDATtVr1}}"
"Contribuinte PF IPTU ITBI 590";"000.000.590-00";"590";"{{CDANr1}}";"{{CDAVc1}}";"{{CDAVr1}}";"{{CDAAtVr1}}";"{{CDAMtVr1}}";"{{CDAJrVr1}}";"{{CDATtVr1}}"
"Contribuinte PF IPTU ITBI 600";"000.000.600-00";"600";"{{CDANr1}}";"{{CDAVc1}}";"{{CDAVr1}}";"{{CDAAtVr1}}";"{{CDAMtVr1}}";"{{CDAJrVr1}}";"{{CDATtVr1}}"
"Contribuinte PF IPTU ITBI 600";"000.000.600-00";"600";"{{CDANr1}}";"{{CDAVc1}}";"{{CDAVr1}}";"{{CDAAtVr1}}";"{{CDAMtVr1}}";"{{CDAJrVr1}}";"{{CDATtVr1}}"
"Contribuinte PJ ISSQN 610";"00.000.000/0610-00";"610";"{{CDANr1}}";"{{CDAVc1}}";"{{CDAVr1}}";"{{CDAAtVr1}}";"{{CDAMtVr1}}";"{{CDAJrVr1}}";"{{CDATtVr1}}"
"Contribuinte PJ ISSQN 610";"00.000.000/0610-00";"610";"{{CDANr1}}";"{{CDAVc1}}";"{{CDAVr1}}";"{{CDAAtVr1}}";"{{CDAMtVr1}}";"{{CDAJrVr1}}";"{{CDATtVr1}}"
"Contribuinte PJ ISSQN 620";"00.000.000/0620-00";"620";"{{CDANr1}}";"{{CDAVc1}}";"{{CDAVr1}}";"{{CDAAtVr1}}";"{{CDAMtVr1}}";"{{CDAJrVr1}}";"{{CDATtVr1}}"
"Contribuinte PJ ISSQN 620";"00.000.000/0620-00";"620";"{{CDANr1}}";"{{CDAVc1}}";"{{CDAVr1}}";"{{CDAAtVr1}}";"{{CDAMtVr1}}";"{{CDAJrVr1}}";"{{CDATtVr1}}"
"Contribuinte PJ ISSQN 630";"00.000.000/0630-00";"630";"{{CDANr1}}";"{{CDAVc1}}";"{{CDAVr1}}";"{{CDAAtVr1}}";"{{CDAMtVr1}}";"{{CDAJrVr1}}";"{{CDATtVr1}}"
"Contribuinte PJ ISSQN 630";"00.000.000/0630-00";"630";"{{CDANr1}}";"{{CDAVc1}}";"{{CDAVr1}}";"{{CDAAtVr1}}";"{{CDAMtVr1}}";"{{CDAJrVr1}}";"{{CDATtVr1}}"
"Contribuinte PJ ISSQN 640";"00.000.000/0640-00";"640";"{{CDANr1}}";"{{CDAVc1}}";"{{CDAVr1}}";"{{CDAAtVr1}}";"{{CDAMtVr1}}";"{{CDAJrVr1}}";"{{CDATtVr1}}"
"Contribuinte PJ ISSQN 640";"00.000.000/0640-00";"640";"{{CDANr1}}";"{{CDAVc1}}";"{{CDAVr1}}";"{{CDAAtVr1}}";"{{CDAMtVr1}}";"{{CDAJrVr1}}";"{{CDATtVr1}}"
"Contribuinte PJ ISSQN 650";"00.000.000/0650-00";"650";"{{CDANr1}}";"{{CDAVc1}}";"{{CDAVr1}}";"{{CDAAtVr1}}";"{{CDAMtVr1}}";"{{CDAJrVr1}}";"{{CDATtVr1}}"
"Contribuinte PJ ISSQN 650";"00.000.000/0650-00";"650";"{{CDANr1}}";"{{CDAVc1}}";"{{CDAVr1}}";"{{CDAAtVr1}}";"{{CDAMtVr1}}";"{{CDAJrVr1}}";"{{CDATtVr1}}"
"Contribuinte PJ ISSQN 660";"00.000.000/0660-00";"660";"{{CDANr1}}";"{{CDAVc1}}";"{{CDAVr1}}";"{{CDAAtVr1}}";"{{CDAMtVr1}}";"{{CDAJrVr1}}";"{{CDATtVr1}}"
"Contribuinte PJ ISSQN 660";"00.000.000/0660-00";"660";"{{CDANr1}}";"{{CDAVc1}}";"{{CDAVr1}}";"{{CDAAtVr1}}";"{{CDAMtVr1}}";"{{CDAJrVr1}}";"{{CDATtVr1}}"
"Contribuinte PJ ISSQN 670";"00.000.000/0670-00";"670";"{{CDANr1}}";"{{CDAVc1}}";"{{CDAVr1}}";"{{CDAAtVr1}}";"{{CDAMtVr1}}";"{{CDAJrVr1}}";"{{CDATtVr1}}"
"Contribuinte PJ ISSQN 670";"00.000.000/0670-00";"670";"{{CDANr1}}";"{{CDAVc1}}";"{{CDAVr1}}";"{{CDAAtVr1}}";"{{CDAMtVr1}}";"{{CDAJrVr1}}";"{{CDATtVr1}}"
"Contribuinte PJ ISSQN 680";"00.000.000/0680-00";"680";"{{CDANr1}}";"{{CDAVc1}}";"{{CDAVr1}}";"{{CDAAtVr1}}";"{{CDAMtVr1}}";"{{CDAJrVr1}}";"{{CDATtVr1}}"
"Contribuinte PJ ISSQN 680";"00.000.000/0680-00";"680";"{{CDANr1}}";"{{CDAVc1}}";"{{CDAVr1}}";"{{CDAAtVr1}}";"{{CDAMtVr1}}";"{{CDAJrVr1}}";"{{CDATtVr1}}"
"Contribuinte PJ ISSQN 690";"00.000.000/0690-00";"690";"{{CDANr1}}";"{{CDAVc1}}";"{{CDAVr1}}";"{{CDAAtVr1}}";"{{CDAMtVr1}}";"{{CDAJrVr1}}";"{{CDATtVr1}}"
"Contribuinte PJ ISSQN 690";"00.000.000/0690-00";"690";"{{CDANr1}}";"{{CDAVc1}}";"{{CDAVr1}}";"{{CDAAtVr1}}";"{{CDAMtVr1}}";"{{CDAJrVr1}}";"{{CDATtVr1}}"
"Contribuinte PJ ISSQN 700";"00.000.000/0700-00";"700";"{{CDANr1}}";"{{CDAVc1}}";"{{CDAVr1}}";"{{CDAAtVr1}}";"{{CDAMtVr1}}";"{{CDAJrVr1}}";"{{CDATtVr1}}"
"Contribuinte PJ ISSQN 700";"00.000.000/0700-00";"700";"{{CDANr1}}";"{{CDAVc1}}";"{{CDAVr1}}";"{{CDAAtVr1}}";"{{CDAMtVr1}}";"{{CDAJrVr1}}";"{{CDATtVr1}}"
"Contribuinte PJ ISSQN 710";"00.000.000/0710-00";"710";"{{CDANr1}}";"{{CDAVc1}}";"{{CDAVr1}}";"{{CDAAtVr1}}";"{{CDAMtVr1}}";"{{CDAJrVr1}}";"{{CDATtVr1}}"
"Contribuinte PJ ISSQN 710";"00.000.000/0710-00";"710";"{{CDANr1}}";"{{CDAVc1}}";"{{CDAVr1}}";"{{CDAAtVr1}}";"{{CDAMtVr1}}";"{{CDAJrVr1}}";"{{CDATtVr1}}"
"Contribuinte PJ ISSQN 720";"00.000.000/0720-00";"720";"{{CDANr1}}";"{{CDAVc1}}";"{{CDAVr1}}";"{{CDAAtVr1}}";"{{CDAMtVr1}}";"{{CDAJrVr1}}";"{{CDATtVr1}}"
"Contribuinte PJ ISSQN 720";"00.000.000/0720-00";"720";"{{CDANr1}}";"{{CDAVc1}}";"{{CDAVr1}}";"{{CDAAtVr1}}";"{{CDAMtVr1}}";"{{CDAJrVr1}}";"{{CDATtVr1}}"
"Contribuinte PJ ISSQN 730";"00.000.000/0730-00";"730";"{{CDANr1}}";"{{CDAVc1}}";"{{CDAVr1}}";"{{CDAAtVr1}}";"{{CDAMtVr1}}";"{{CDAJrVr1}}";"{{CDATtVr1}}"
"Contribuinte PJ ISSQN 730";"00.000.000/0730-00";"730";"{{CDANr1}}";"{{CDAVc1}}";"{{CDAVr1}}";"{{CDAAtVr1}}";"{{CDAMtVr1}}";"{{CDAJrVr1}}";"{{CDATtVr1}}"
"Contribuinte PJ ISSQN 740";"00.000.000/0740-00";"740";"{{CDANr1}}";"{{CDAVc1}}";"{{CDAVr1}}";"{{CDAAtVr1}}";"{{CDAMtVr1}}";"{{CDAJrVr1}}";"{{CDATtVr1}}"
"Contribuinte PJ ISSQN 740";"00.000.000/0740-00";"740";"{{CDANr1}}";"{{CDAVc1}}";"{{CDAVr1}}";"{{CDAAtVr1}}";"{{CDAMtVr1}}";"{{CDAJrVr1}}";"{{CDATtVr1}}"
"Contribuinte PJ ISSQN 750";"00.000.000/0750-00";"750";"{{CDANr1}}";"{{CDAVc1}}";"{{CDAVr1}}";"{{CDAAtVr1}}";"{{CDAMtVr1}}";"{{CDAJrVr1}}";"{{CDATtVr1}}"
"Contribuinte PJ ISSQN 750";"00.000.000/0750-00";"750";"{{CDANr1}}";"{{CDAVc1}}";"{{CDAVr1}}";"{{CDAAtVr1}}";"{{CDAMtVr1}}";"{{CDAJrVr1}}";"{{CDATtVr1}}"
"Contribuinte PJ ISSQN 760";"00.000.000/0760-00";"760";"{{CDANr1}}";"{{CDAVc1}}";"{{CDAVr1}}";"{{CDAAtVr1}}";"{{CDAMtVr1}}";"{{CDAJrVr1}}";"{{CDATtVr1}}"
"Contribuinte PJ ISSQN 760";"00.000.000/0760-00";"760";"{{CDANr1}}";"{{CDAVc1}}";"{{CDAVr1}}";"{{CDAAtVr1}}";"{{CDAMtVr1}}";"{{CDAJrVr1}}";"{{CDATtVr1}}"
"Contribuinte PJ ISSQN 770";"00.000.000/0770-00";"770";"{{CDANr1}}";"{{CDAVc1}}";"{{CDAVr1}}";"{{CDAAtVr1}}";"{{CDAMtVr1}}";"{{CDAJrVr1}}";"{{CDATtVr1}}"
"Contribuinte PJ ISSQN 770";"00.000.000/0770-00";"770";"{{CDANr1}}";"{{CDAVc1}}";"{{CDAVr1}}";"{{CDAAtVr1}}";"{{CDAMtVr1}}";"{{CDAJrVr1}}";"{{CDATtVr1}}"
"Contribuinte PJ ISSQN 780";"00.000.000/0780-00";"780";"{{CDANr1}}";"{{CDAVc1}}";"{{CDAVr1}}";"{{CDAAtVr1}}";"{{CDAMtVr1}}";"{{CDAJrVr1}}";"{{CDATtVr1}}"
"Contribuinte PJ ISSQN 780";"00.000.000/0780-00";"780";"{{CDANr1}}";"{{CDAVc1}}";"{{CDAVr1}}";"{{CDAAtVr1}}";"{{CDAMtVr1}}";"{{CDAJrVr1}}";"{{CDATtVr1}}"
"Contribuinte PJ ISSQN 790";"00.000.000/0790-00";"790";"{{CDANr1}}";"{{CDAVc1}}";"{{CDAVr1}}";"{{CDAAtVr1}}";"{{CDAMtVr1}}";"{{CDAJrVr1}}";"{{CDATtVr1}}"
"Contribuinte PJ ISSQN 790";"00.000.000/0790-00";"790";"{{CDANr1}}";"{{CDAVc1}}";"{{CDAVr1}}";"{{CDAAtVr1}}";"{{CDAMtVr1}}";"{{CDAJrVr1}}";"{{CDATtVr1}}"
"Contribuinte PJ ISSQN 800";"00.000.000/0800-00";"800";"{{CDANr1}}";"{{CDAVc1}}";"{{CDAVr1}}";"{{CDAAtVr1}}";"{{CDAMtVr1}}";"{{CDAJrVr1}}";"{{CDATtVr1}}"
"Contribuinte PJ ISSQN 800";"00.000.000/0800-00";"800";"{{CDANr1}}";"{{CDAVc1}}";"{{CDAVr1}}";"{{CDAAtVr1}}";"{{CDAMtVr1}}";"{{CDAJrVr1}}";"{{CDATtVr1}}"
"Contribuinte PJ ISSQN IPTU 810";"00.000.000/0810-00";"810";"{{CDANr1}}";"{{CDAVc1}}";"{{CDAVr1}}";"{{CDAAtVr1}}";"{{CDAMtVr1}}";"{{CDAJrVr1}}";"{{CDATtVr1}}"
"Contribuinte PJ ISSQN IPTU 810";"00.000.000/0810-00";"810";"{{CDANr1}}";"{{CDAVc1}}";"{{CDAVr1}}";"{{CDAAtVr1}}";"{{CDAMtVr1}}";"{{CDAJrVr1}}";"{{CDATtVr1}}"
"Contribuinte PJ ISSQN IPTU 810";"00.000.000/0810-00";"811";"{{CDANr1}}";"{{CDAVc1}}";"{{CDAVr1}}";"{{CDAAtVr1}}";"{{CDAMtVr1}}";"{{CDAJrVr1}}";"{{CDATtVr1}}"
"Contribuinte PJ ISSQN IPTU 810";"00.000.000/0810-00";"811";"{{CDANr1}}";"{{CDAVc1}}";"{{CDAVr1}}";"{{CDAAtVr1}}";"{{CDAMtVr1}}";"{{CDAJrVr1}}";"{{CDATtVr1}}"
"Contribuinte PJ ISSQN IPTU 820";"00.000.000/0820-00";"820";"{{CDANr1}}";"{{CDAVc1}}";"{{CDAVr1}}";"{{CDAAtVr1}}";"{{CDAMtVr1}}";"{{CDAJrVr1}}";"{{CDATtVr1}}"
"Contribuinte PJ ISSQN IPTU 820";"00.000.000/0820-00";"820";"{{CDANr1}}";"{{CDAVc1}}";"{{CDAVr1}}";"{{CDAAtVr1}}";"{{CDAMtVr1}}";"{{CDAJrVr1}}";"{{CDATtVr1}}"
"Contribuinte PJ ISSQN IPTU 820";"00.000.000/0820-00";"821";"{{CDANr1}}";"{{CDAVc1}}";"{{CDAVr1}}";"{{CDAAtVr1}}";"{{CDAMtVr1}}";"{{CDAJrVr1}}";"{{CDATtVr1}}"
"Contribuinte PJ ISSQN IPTU 820";"00.000.000/0820-00";"821";"{{CDANr1}}";"{{CDAVc1}}";"{{CDAVr1}}";"{{CDAAtVr1}}";"{{CDAMtVr1}}";"{{CDAJrVr1}}";"{{CDATtVr1}}"
"Contribuinte PJ ISSQN IPTU 830";"00.000.000/0830-00";"830";"{{CDANr1}}";"{{CDAVc1}}";"{{CDAVr1}}";"{{CDAAtVr1}}";"{{CDAMtVr1}}";"{{CDAJrVr1}}";"{{CDATtVr1}}"
"Contribuinte PJ ISSQN IPTU 830";"00.000.000/0830-00";"830";"{{CDANr1}}";"{{CDAVc1}}";"{{CDAVr1}}";"{{CDAAtVr1}}";"{{CDAMtVr1}}";"{{CDAJrVr1}}";"{{CDATtVr1}}"
"Contribuinte PJ ISSQN IPTU 830";"00.000.000/0830-00";"831";"{{CDANr1}}";"{{CDAVc1}}";"{{CDAVr1}}";"{{CDAAtVr1}}";"{{CDAMtVr1}}";"{{CDAJrVr1}}";"{{CDATtVr1}}"
"Contribuinte PJ ISSQN IPTU 830";"00.000.000/0830-00";"831";"{{CDANr1}}";"{{CDAVc1}}";"{{CDAVr1}}";"{{CDAAtVr1}}";"{{CDAMtVr1}}";"{{CDAJrVr1}}";"{{CDATtVr1}}"
"Contribuinte PJ ISSQN IPTU 840";"00.000.000/0840-00";"840";"{{CDANr1}}";"{{CDAVc1}}";"{{CDAVr1}}";"{{CDAAtVr1}}";"{{CDAMtVr1}}";"{{CDAJrVr1}}";"{{CDATtVr1}}"
"Contribuinte PJ ISSQN IPTU 840";"00.000.000/0840-00";"840";"{{CDANr1}}";"{{CDAVc1}}";"{{CDAVr1}}";"{{CDAAtVr1}}";"{{CDAMtVr1}}";"{{CDAJrVr1}}";"{{CDATtVr1}}"
"Contribuinte PJ ISSQN IPTU 840";"00.000.000/0840-00";"841";"{{CDANr1}}";"{{CDAVc1}}";"{{CDAVr1}}";"{{CDAAtVr1}}";"{{CDAMtVr1}}";"{{CDAJrVr1}}";"{{CDATtVr1}}"
"Contribuinte PJ ISSQN IPTU 840";"00.000.000/0840-00";"841";"{{CDANr1}}";"{{CDAVc1}}";"{{CDAVr1}}";"{{CDAAtVr1}}";"{{CDAMtVr1}}";"{{CDAJrVr1}}";"{{CDATtVr1}}"
"Contribuinte PJ ISSQN IPTU 850";"00.000.000/0850-00";"850";"{{CDANr1}}";"{{CDAVc1}}";"{{CDAVr1}}";"{{CDAAtVr1}}";"{{CDAMtVr1}}";"{{CDAJrVr1}}";"{{CDATtVr1}}"
"Contribuinte PJ ISSQN IPTU 850";"00.000.000/0850-00";"850";"{{CDANr1}}";"{{CDAVc1}}";"{{CDAVr1}}";"{{CDAAtVr1}}";"{{CDAMtVr1}}";"{{CDAJrVr1}}";"{{CDATtVr1}}"
"Contribuinte PJ ISSQN IPTU 850";"00.000.000/0850-00";"851";"{{CDANr1}}";"{{CDAVc1}}";"{{CDAVr1}}";"{{CDAAtVr1}}";"{{CDAMtVr1}}";"{{CDAJrVr1}}";"{{CDATtVr1}}"
"Contribuinte PJ ISSQN IPTU 850";"00.000.000/0850-00";"851";"{{CDANr1}}";"{{CDAVc1}}";"{{CDAVr1}}";"{{CDAAtVr1}}";"{{CDAMtVr1}}";"{{CDAJrVr1}}";"{{CDATtVr1}}"
"Contribuinte PJ ISSQN IPTU 860";"00.000.000/0860-00";"860";"{{CDANr1}}";"{{CDAVc1}}";"{{CDAVr1}}";"{{CDAAtVr1}}";"{{CDAMtVr1}}";"{{CDAJrVr1}}";"{{CDATtVr1}}"
"Contribuinte PJ ISSQN IPTU 860";"00.000.000/0860-00";"860";"{{CDANr1}}";"{{CDAVc1}}";"{{CDAVr1}}";"{{CDAAtVr1}}";"{{CDAMtVr1}}";"{{CDAJrVr1}}";"{{CDATtVr1}}"
"Contribuinte PJ ISSQN IPTU 860";"00.000.000/0860-00";"861";"{{CDANr1}}";"{{CDAVc1}}";"{{CDAVr1}}";"{{CDAAtVr1}}";"{{CDAMtVr1}}";"{{CDAJrVr1}}";"{{CDATtVr1}}"
"Contribuinte PJ ISSQN IPTU 860";"00.000.000/0860-00";"861";"{{CDANr1}}";"{{CDAVc1}}";"{{CDAVr1}}";"{{CDAAtVr1}}";"{{CDAMtVr1}}";"{{CDAJrVr1}}";"{{CDATtVr1}}"
"Contribuinte PJ ISSQN IPTU 870";"00.000.000/0870-00";"870";"{{CDANr1}}";"{{CDAVc1}}";"{{CDAVr1}}";"{{CDAAtVr1}}";"{{CDAMtVr1}}";"{{CDAJrVr1}}";"{{CDATtVr1}}"
"Contribuinte PJ ISSQN IPTU 870";"00.000.000/0870-00";"870";"{{CDANr1}}";"{{CDAVc1}}";"{{CDAVr1}}";"{{CDAAtVr1}}";"{{CDAMtVr1}}";"{{CDAJrVr1}}";"{{CDATtVr1}}"
"Contribuinte PJ ISSQN IPTU 870";"00.000.000/0870-00";"871";"{{CDANr1}}";"{{CDAVc1}}";"{{CDAVr1}}";"{{CDAAtVr1}}";"{{CDAMtVr1}}";"{{CDAJrVr1}}";"{{CDATtVr1}}"
"Contribuinte PJ ISSQN IPTU 870";"00.000.000/0870-00";"871";"{{CDANr1}}";"{{CDAVc1}}";"{{CDAVr1}}";"{{CDAAtVr1}}";"{{CDAMtVr1}}";"{{CDAJrVr1}}";"{{CDATtVr1}}"
"Contribuinte PJ ISSQN IPTU 880";"00.000.000/0880-00";"880";"{{CDANr1}}";"{{CDAVc1}}";"{{CDAVr1}}";"{{CDAAtVr1}}";"{{CDAMtVr1}}";"{{CDAJrVr1}}";"{{CDATtVr1}}"
"Contribuinte PJ ISSQN IPTU 880";"00.000.000/0880-00";"880";"{{CDANr1}}";"{{CDAVc1}}";"{{CDAVr1}}";"{{CDAAtVr1}}";"{{CDAMtVr1}}";"{{CDAJrVr1}}";"{{CDATtVr1}}"
"Contribuinte PJ ISSQN IPTU 880";"00.000.000/0880-00";"881";"{{CDANr1}}";"{{CDAVc1}}";"{{CDAVr1}}";"{{CDAAtVr1}}";"{{CDAMtVr1}}";"{{CDAJrVr1}}";"{{CDATtVr1}}"
"Contribuinte PJ ISSQN IPTU 880";"00.000.000/0880-00";"881";"{{CDANr1}}";"{{CDAVc1}}";"{{CDAVr1}}";"{{CDAAtVr1}}";"{{CDAMtVr1}}";"{{CDAJrVr1}}";"{{CDATtVr1}}"
"Contribuinte PJ ISSQN IPTU 890";"00.000.000/0890-00";"890";"{{CDANr1}}";"{{CDAVc1}}";"{{CDAVr1}}";"{{CDAAtVr1}}";"{{CDAMtVr1}}";"{{CDAJrVr1}}";"{{CDATtVr1}}"
"Contribuinte PJ ISSQN IPTU 890";"00.000.000/0890-00";"890";"{{CDANr1}}";"{{CDAVc1}}";"{{CDAVr1}}";"{{CDAAtVr1}}";"{{CDAMtVr1}}";"{{CDAJrVr1}}";"{{CDATtVr1}}"
"Contribuinte PJ ISSQN IPTU 890";"00.000.000/0890-00";"891";"{{CDANr1}}";"{{CDAVc1}}";"{{CDAVr1}}";"{{CDAAtVr1}}";"{{CDAMtVr1}}";"{{CDAJrVr1}}";"{{CDATtVr1}}"
"Contribuinte PJ ISSQN IPTU 890";"00.000.000/0890-00";"891";"{{CDANr1}}";"{{CDAVc1}}";"{{CDAVr1}}";"{{CDAAtVr1}}";"{{CDAMtVr1}}";"{{CDAJrVr1}}";"{{CDATtVr1}}"
"Contribuinte PJ ISSQN IPTU 900";"00.000.000/0900-00";"900";"{{CDANr1}}";"{{CDAVc1}}";"{{CDAVr1}}";"{{CDAAtVr1}}";"{{CDAMtVr1}}";"{{CDAJrVr1}}";"{{CDATtVr1}}"
"Contribuinte PJ ISSQN IPTU 900";"00.000.000/0900-00";"900";"{{CDANr1}}";"{{CDAVc1}}";"{{CDAVr1}}";"{{CDAAtVr1}}";"{{CDAMtVr1}}";"{{CDAJrVr1}}";"{{CDATtVr1}}"
"Contribuinte PJ ISSQN IPTU 900";"00.000.000/0900-00";"901";"{{CDANr1}}";"{{CDAVc1}}";"{{CDAVr1}}";"{{CDAAtVr1}}";"{{CDAMtVr1}}";"{{CDAJrVr1}}";"{{CDATtVr1}}"
"Contribuinte PJ ISSQN IPTU 900";"00.000.000/0900-00";"901";"{{CDANr1}}";"{{CDAVc1}}";"{{CDAVr1}}";"{{CDAAtVr1}}";"{{CDAMtVr1}}";"{{CDAJrVr1}}";"{{CDATtVr1}}"
"Contribuinte PJ ISSQN IPTU ITBI 910";"00.000.000/0910-00";"910";"{{CDANr1}}";"{{CDAVc1}}";"{{CDAVr1}}";"{{CDAAtVr1}}";"{{CDAMtVr1}}";"{{CDAJrVr1}}";"{{CDATtVr1}}"
"Contribuinte PJ ISSQN IPTU ITBI 910";"00.000.000/0910-00";"910";"{{CDANr1}}";"{{CDAVc1}}";"{{CDAVr1}}";"{{CDAAtVr1}}";"{{CDAMtVr1}}";"{{CDAJrVr1}}";"{{CDATtVr1}}"
"Contribuinte PJ ISSQN IPTU ITBI 910";"00.000.000/0910-00";"911";"{{CDANr1}}";"{{CDAVc1}}";"{{CDAVr1}}";"{{CDAAtVr1}}";"{{CDAMtVr1}}";"{{CDAJrVr1}}";"{{CDATtVr1}}"
"Contribuinte PJ ISSQN IPTU ITBI 910";"00.000.000/0910-00";"911";"{{CDANr1}}";"{{CDAVc1}}";"{{CDAVr1}}";"{{CDAAtVr1}}";"{{CDAMtVr1}}";"{{CDAJrVr1}}";"{{CDATtVr1}}"
"Contribuinte PJ ISSQN IPTU ITBI 920";"00.000.000/0920-00";"920";"{{CDANr1}}";"{{CDAVc1}}";"{{CDAVr1}}";"{{CDAAtVr1}}";"{{CDAMtVr1}}";"{{CDAJrVr1}}";"{{CDATtVr1}}"
"Contribuinte PJ ISSQN IPTU ITBI 920";"00.000.000/0920-00";"920";"{{CDANr1}}";"{{CDAVc1}}";"{{CDAVr1}}";"{{CDAAtVr1}}";"{{CDAMtVr1}}";"{{CDAJrVr1}}";"{{CDATtVr1}}"
"Contribuinte PJ ISSQN IPTU ITBI 920";"00.000.000/0920-00";"921";"{{CDANr1}}";"{{CDAVc1}}";"{{CDAVr1}}";"{{CDAAtVr1}}";"{{CDAMtVr1}}";"{{CDAJrVr1}}";"{{CDATtVr1}}"
"Contribuinte PJ ISSQN IPTU ITBI 920";"00.000.000/0920-00";"921";"{{CDANr1}}";"{{CDAVc1}}";"{{CDAVr1}}";"{{CDAAtVr1}}";"{{CDAMtVr1}}";"{{CDAJrVr1}}";"{{CDATtVr1}}"
"Contribuinte PJ ISSQN IPTU ITBI 930";"00.000.000/0930-00";"930";"{{CDANr1}}";"{{CDAVc1}}";"{{CDAVr1}}";"{{CDAAtVr1}}";"{{CDAMtVr1}}";"{{CDAJrVr1}}";"{{CDATtVr1}}"
"Contribuinte PJ ISSQN IPTU ITBI 930";"00.000.000/0930-00";"930";"{{CDANr1}}";"{{CDAVc1}}";"{{CDAVr1}}";"{{CDAAtVr1}}";"{{CDAMtVr1}}";"{{CDAJrVr1}}";"{{CDATtVr1}}"
"Contribuinte PJ ISSQN IPTU ITBI 930";"00.000.000/0930-00";"931";"{{CDANr1}}";"{{CDAVc1}}";"{{CDAVr1}}";"{{CDAAtVr1}}";"{{CDAMtVr1}}";"{{CDAJrVr1}}";"{{CDATtVr1}}"
"Contribuinte PJ ISSQN IPTU ITBI 930";"00.000.000/0930-00";"931";"{{CDANr1}}";"{{CDAVc1}}";"{{CDAVr1}}";"{{CDAAtVr1}}";"{{CDAMtVr1}}";"{{CDAJrVr1}}";"{{CDATtVr1}}"
"Contribuinte PJ ISSQN IPTU ITBI 940";"00.000.000/0940-00";"940";"{{CDANr1}}";"{{CDAVc1}}";"{{CDAVr1}}";"{{CDAAtVr1}}";"{{CDAMtVr1}}";"{{CDAJrVr1}}";"{{CDATtVr1}}"
"Contribuinte PJ ISSQN IPTU ITBI 940";"00.000.000/0940-00";"940";"{{CDANr1}}";"{{CDAVc1}}";"{{CDAVr1}}";"{{CDAAtVr1}}";"{{CDAMtVr1}}";"{{CDAJrVr1}}";"{{CDATtVr1}}"
"Contribuinte PJ ISSQN IPTU ITBI 940";"00.000.000/0940-00";"941";"{{CDANr1}}";"{{CDAVc1}}";"{{CDAVr1}}";"{{CDAAtVr1}}";"{{CDAMtVr1}}";"{{CDAJrVr1}}";"{{CDATtVr1}}"
"Contribuinte PJ ISSQN IPTU ITBI 940";"00.000.000/0940-00";"941";"{{CDANr1}}";"{{CDAVc1}}";"{{CDAVr1}}";"{{CDAAtVr1}}";"{{CDAMtVr1}}";"{{CDAJrVr1}}";"{{CDATtVr1}}"
"Contribuinte PJ ISSQN IPTU ITBI 950";"00.000.000/0950-00";"950";"{{CDANr1}}";"{{CDAVc1}}";"{{CDAVr1}}";"{{CDAAtVr1}}";"{{CDAMtVr1}}";"{{CDAJrVr1}}";"{{CDATtVr1}}"
"Contribuinte PJ ISSQN IPTU ITBI 950";"00.000.000/0950-00";"950";"{{CDANr1}}";"{{CDAVc1}}";"{{CDAVr1}}";"{{CDAAtVr1}}";"{{CDAMtVr1}}";"{{CDAJrVr1}}";"{{CDATtVr1}}"
"Contribuinte PJ ISSQN IPTU ITBI 950";"00.000.000/0950-00";"951";"{{CDANr1}}";"{{CDAVc1}}";"{{CDAVr1}}";"{{CDAAtVr1}}";"{{CDAMtVr1}}";"{{CDAJrVr1}}";"{{CDATtVr1}}"
"Contribuinte PJ ISSQN IPTU ITBI 950";"00.000.000/0950-00";"951";"{{CDANr1}}";"{{CDAVc1}}";"{{CDAVr1}}";"{{CDAAtVr1}}";"{{CDAMtVr1}}";"{{CDAJrVr1}}";"{{CDATtVr1}}"
"Contribuinte PJ ISSQN Taxas 960";"00.000.000/0960-00";"960";"{{CDANr1}}";"{{CDAVc1}}";"{{CDAVr1}}";"{{CDAAtVr1}}";"{{CDAMtVr1}}";"{{CDAJrVr1}}";"{{CDATtVr1}}"
"Contribuinte PJ ISSQN Taxas 960";"00.000.000/0960-00";"960";"{{CDANr1}}";"{{CDAVc1}}";"{{CDAVr1}}";"{{CDAAtVr1}}";"{{CDAMtVr1}}";"{{CDAJrVr1}}";"{{CDATtVr1}}"
"Contribuinte PJ ISSQN Taxas 970";"00.000.000/0970-00";"970";"{{CDANr1}}";"{{CDAVc1}}";"{{CDAVr1}}";"{{CDAAtVr1}}";"{{CDAMtVr1}}";"{{CDAJrVr1}}";"{{CDATtVr1}}"
"Contribuinte PJ ISSQN Taxas 970";"00.000.000/0970-00";"970";"{{CDANr1}}";"{{CDAVc1}}";"{{CDAVr1}}";"{{CDAAtVr1}}";"{{CDAMtVr1}}";"{{CDAJrVr1}}";"{{CDATtVr1}}"
"Contribuinte PJ ISSQN Taxas 980";"00.000.000/0980-00";"980";"{{CDANr1}}";"{{CDAVc1}}";"{{CDAVr1}}";"{{CDAAtVr1}}";"{{CDAMtVr1}}";"{{CDAJrVr1}}";"{{CDATtVr1}}"
"Contribuinte PJ ISSQN Taxas 980";"00.000.000/0980-00";"980";"{{CDANr1}}";"{{CDAVc1}}";"{{CDAVr1}}";"{{CDAAtVr1}}";"{{CDAMtVr1}}";"{{CDAJrVr1}}";"{{CDATtVr1}}"
"Contribuinte PJ ISSQN Taxas 990";"00.000.000/0990-00";"990";"{{CDANr1}}";"{{CDAVc1}}";"{{CDAVr1}}";"{{CDAAtVr1}}";"{{CDAMtVr1}}";"{{CDAJrVr1}}";"{{CDATtVr1}}"
"Contribuinte PJ ISSQN Taxas 990";"00.000.000/0990-00";"990";"{{CDANr1}}";"{{CDAVc1}}";"{{CDAVr1}}";"{{CDAAtVr1}}";"{{CDAMtVr1}}";"{{CDAJrVr1}}";"{{CDATtVr1}}"
